epoch,eval_loss
1.0,0.6185830235481262
2.0,0.637806236743927
3.0,0.6586946249008179
