{
  "config": "lr2e-05",
  "eval_set": "validation",
  "eval_samples": 510,
  "lora_r": 80,
  "lora_alpha": 80,
  "lora_dropout": 0,
  "learning_rate": 2e-05,
  "epochs": 3,
  "best_epoch": 1.0,
  "best_eval_loss": 0.6185830235481262,
  "acc_1": 81.17647058823529,
  "acc_05": 62.15686274509804,
  "mae": 0.6696078431372549,
  "qwk": 0.8513476318519616,
  "off_topic_acc": 90.7843137254902,
  "off_topic_correct": 69,
  "off_topic_total": 98,
  "on_topic_correct": 394,
  "on_topic_total": 412,
  "false_positive": 18,
  "false_negative": 29,
  "train_time_min": 7.7,
  "eval_time_min": 27.2,
  "total_time_min": 34.9
}