epoch,eval_loss
1.0,0.460979700088501
2.0,0.5697893500328064
3.0,0.6098707318305969
