{
  "config": "r128",
  "eval_set": "validation",
  "eval_samples": 510,
  "lora_r": 128,
  "lora_alpha": 128,
  "lora_dropout": 0,
  "learning_rate": 5e-06,
  "epochs": 3,
  "best_epoch": 1.0,
  "best_eval_loss": 0.460979700088501,
  "acc_1": 78.03921568627452,
  "acc_05": 58.03921568627452,
  "mae": 0.7519607843137255,
  "qwk": 0.8164594215246821,
  "off_topic_acc": 90.58823529411765,
  "off_topic_correct": 74,
  "off_topic_total": 98,
  "on_topic_correct": 388,
  "on_topic_total": 412,
  "false_positive": 24,
  "false_negative": 24,
  "train_time_min": 8.8,
  "eval_time_min": 30.7,
  "total_time_min": 39.5
}