epoch,eval_loss
1.0,0.4680353105068207
2.0,0.4951428472995758
3.0,0.5286356806755066
