{
  "config": "r96",
  "eval_set": "validation",
  "eval_samples": 510,
  "lora_r": 96,
  "lora_alpha": 96,
  "lora_dropout": 0,
  "learning_rate": 5e-06,
  "epochs": 3,
  "best_epoch": 1.0,
  "best_eval_loss": 0.4680353105068207,
  "acc_1": 76.47058823529412,
  "acc_05": 60.3921568627451,
  "mae": 0.7696078431372549,
  "qwk": 0.8045263734258077,
  "off_topic_acc": 91.56862745098039,
  "off_topic_correct": 79,
  "off_topic_total": 98,
  "on_topic_correct": 388,
  "on_topic_total": 412,
  "false_positive": 24,
  "false_negative": 19,
  "train_time_min": 8.6,
  "eval_time_min": 30.1,
  "total_time_min": 38.7
}