epoch,eval_loss
1.0,0.47707298398017883
2.0,0.4719536602497101
3.0,0.48894694447517395
