{
  "config": "lr5e-06",
  "eval_set": "validation",
  "eval_samples": 510,
  "lora_r": 80,
  "lora_alpha": 80,
  "lora_dropout": 0,
  "learning_rate": 5e-06,
  "epochs": 3,
  "best_epoch": 2.0,
  "best_eval_loss": 0.4719536602497101,
  "acc_1": 79.01960784313725,
  "acc_05": 62.35294117647059,
  "mae": 0.7264705882352941,
  "qwk": 0.819075785582255,
  "off_topic_acc": 90.7843137254902,
  "off_topic_correct": 75,
  "off_topic_total": 98,
  "on_topic_correct": 388,
  "on_topic_total": 412,
  "false_positive": 24,
  "false_negative": 23,
  "train_time_min": 7.7,
  "eval_time_min": 27.0,
  "total_time_min": 34.7
}