epoch,eval_loss
1.0,0.60085529088974
2.0,0.47234636545181274
3.0,0.4622238576412201
4.0,0.46980926394462585
5.0,0.4718783497810364
