{
  "config": "r32_5epochs",
  "eval_set": "validation",
  "eval_samples": 510,
  "lora_r": 32,
  "lora_alpha": 32,
  "lora_dropout": 0,
  "learning_rate": 5e-06,
  "epochs": 5,
  "best_epoch": 3.0,
  "best_eval_loss": 0.4622238576412201,
  "acc_1": 76.07843137254902,
  "acc_05": 62.15686274509804,
  "mae": 0.7588235294117647,
  "qwk": 0.8041065326065467,
  "off_topic_acc": 91.37254901960785,
  "off_topic_correct": 73,
  "off_topic_total": 98,
  "on_topic_correct": 393,
  "on_topic_total": 412,
  "false_positive": 19,
  "false_negative": 25,
  "train_time_min": 11.7,
  "eval_time_min": 27.3,
  "total_time_min": 39.0
}