epoch,eval_loss
1.0,0.46702682971954346
2.0,0.6575122475624084
3.0,0.6696756482124329
