{
  "config": "lr1e-05",
  "eval_set": "validation",
  "eval_samples": 510,
  "lora_r": 80,
  "lora_alpha": 80,
  "lora_dropout": 0,
  "learning_rate": 1e-05,
  "epochs": 3,
  "best_epoch": 1.0,
  "best_eval_loss": 0.46702682971954346,
  "acc_1": 78.23529411764706,
  "acc_05": 59.411764705882355,
  "mae": 0.7323529411764705,
  "qwk": 0.8272434207613766,
  "off_topic_acc": 90.3921568627451,
  "off_topic_correct": 73,
  "off_topic_total": 98,
  "on_topic_correct": 388,
  "on_topic_total": 412,
  "false_positive": 24,
  "false_negative": 25,
  "train_time_min": 7.7,
  "eval_time_min": 26.8,
  "total_time_min": 34.5
}