epoch,eval_loss
1.0,1.3962867259979248
2.0,0.6973849534988403
3.0,0.642401933670044
