{
  "config": "lr1e-06",
  "eval_set": "validation",
  "eval_samples": 510,
  "lora_r": 80,
  "lora_alpha": 80,
  "lora_dropout": 0,
  "learning_rate": 1e-06,
  "epochs": 3,
  "best_epoch": 3.0,
  "best_eval_loss": 0.642401933670044,
  "acc_1": 76.27450980392156,
  "acc_05": 57.84313725490197,
  "mae": 0.788235294117647,
  "qwk": 0.8039950489294336,
  "off_topic_acc": 88.62745098039215,
  "off_topic_correct": 86,
  "off_topic_total": 98,
  "on_topic_correct": 366,
  "on_topic_total": 412,
  "false_positive": 46,
  "false_negative": 12,
  "train_time_min": 8.6,
  "eval_time_min": 27.1,
  "total_time_min": 35.7
}