epoch,eval_loss
1.0,0.5722403526306152
2.0,0.48512256145477295
3.0,0.4792175889015198
