{
  "config": "r32",
  "eval_set": "validation",
  "eval_samples": 510,
  "lora_r": 32,
  "lora_alpha": 32,
  "lora_dropout": 0,
  "learning_rate": 5e-06,
  "epochs": 3,
  "best_epoch": 3.0,
  "best_eval_loss": 0.4792175889015198,
  "acc_1": 77.05882352941177,
  "acc_05": 61.76470588235294,
  "mae": 0.7607843137254902,
  "qwk": 0.8042535057930047,
  "off_topic_acc": 91.37254901960785,
  "off_topic_correct": 78,
  "off_topic_total": 98,
  "on_topic_correct": 388,
  "on_topic_total": 412,
  "false_positive": 24,
  "false_negative": 20,
  "train_time_min": 7.2,
  "eval_time_min": 30.2,
  "total_time_min": 37.4
}