epoch,eval_loss
1.0,0.47749850153923035
2.0,0.47130391001701355
3.0,0.48722967505455017
