{
  "config": "r80_dropout0.1",
  "eval_set": "validation",
  "eval_samples": 510,
  "lora_r": 80,
  "lora_alpha": 80,
  "lora_dropout": 0.1,
  "learning_rate": 5e-06,
  "epochs": 3,
  "best_epoch": 2.0,
  "best_eval_loss": 0.47130391001701355,
  "acc_1": 78.23529411764706,
  "acc_05": 62.15686274509804,
  "mae": 0.7352941176470589,
  "qwk": 0.8174701979233555,
  "off_topic_acc": 91.17647058823529,
  "off_topic_correct": 75,
  "off_topic_total": 98,
  "on_topic_correct": 390,
  "on_topic_total": 412,
  "false_positive": 22,
  "false_negative": 23,
  "train_time_min": 9.6,
  "eval_time_min": 27.5,
  "total_time_min": 37.1
}