epoch,eval_loss
1.0,1.5178215503692627
2.0,0.7447525262832642
3.0,0.6870990991592407
