{
  "config": "r8",
  "eval_set": "validation",
  "eval_samples": 510,
  "lora_r": 8,
  "lora_alpha": 8,
  "lora_dropout": 0,
  "learning_rate": 5e-06,
  "epochs": 3,
  "best_epoch": 3.0,
  "best_eval_loss": 0.6870990991592407,
  "acc_1": 74.11764705882354,
  "acc_05": 56.666666666666664,
  "mae": 0.8549019607843137,
  "qwk": 0.7626841967714051,
  "off_topic_acc": 87.45098039215686,
  "off_topic_correct": 83,
  "off_topic_total": 98,
  "on_topic_correct": 363,
  "on_topic_total": 412,
  "false_positive": 49,
  "false_negative": 15,
  "train_time_min": 7.8,
  "eval_time_min": 26.9,
  "total_time_min": 34.8
}