{
  "acc_1": 68.03921568627452,
  "acc_05": 53.529411764705884,
  "mae": 0.8970588235294118,
  "qwk": 0.7707981379508086,
  "off_topic_acc": 91.76470588235294,
  "false_positive": 28,
  "false_negative": 14,
  "model": "gpt-5.2",
  "total_time_min": 14.1,
  "samples": 510
}