{
  "acc_1": 71.56862745098039,
  "acc_05": 52.352941176470594,
  "mae": 0.8450980392156863,
  "qwk": 0.7656914235947938,
  "off_topic_acc": 88.4313725490196,
  "false_positive": 49,
  "false_negative": 10,
  "model": "gpt-4o",
  "total_time_min": 15.8,
  "samples": 510
}