epoch,eval_loss
1.0,0.4767446219921112
2.0,0.4719577431678772
3.0,0.4886276423931122
