{
  "config": "r80",
  "eval_set": "validation",
  "eval_samples": 510,
  "lora_r": 80,
  "lora_alpha": 80,
  "lora_dropout": 0,
  "learning_rate": 5e-06,
  "epochs": 3,
  "best_epoch": 2.0,
  "best_eval_loss": 0.4719577431678772,
  "acc_1": 78.43137254901961,
  "acc_05": 61.76470588235294,
  "mae": 0.7352941176470589,
  "qwk": 0.8140690410863094,
  "off_topic_acc": 90.98039215686275,
  "off_topic_correct": 74,
  "off_topic_total": 98,
  "on_topic_correct": 390,
  "on_topic_total": 412,
  "false_positive": 22,
  "false_negative": 24,
  "train_time_min": 8.0,
  "eval_time_min": 30.5,
  "total_time_min": 38.5
}