epoch,eval_loss
1.0,0.4902525246143341
2.0,0.4625605046749115
3.0,0.4665076732635498
