{
  "config": "r64",
  "eval_set": "validation",
  "eval_samples": 510,
  "lora_r": 64,
  "lora_alpha": 64,
  "lora_dropout": 0,
  "learning_rate": 5e-06,
  "epochs": 3,
  "best_epoch": 2.0,
  "best_eval_loss": 0.4625605046749115,
  "acc_1": 76.86274509803923,
  "acc_05": 62.745098039215684,
  "mae": 0.7480392156862745,
  "qwk": 0.807834941830997,
  "off_topic_acc": 90.98039215686275,
  "off_topic_correct": 73,
  "off_topic_total": 98,
  "on_topic_correct": 391,
  "on_topic_total": 412,
  "false_positive": 21,
  "false_negative": 25,
  "train_time_min": 7.6,
  "eval_time_min": 30.4,
  "total_time_min": 38.0
}