epoch,eval_loss
1.0,1.0022844076156616
2.0,0.538580596446991
3.0,0.5250173211097717
