{
  "config": "r16",
  "eval_set": "validation",
  "eval_samples": 510,
  "lora_r": 16,
  "lora_alpha": 16,
  "lora_dropout": 0,
  "learning_rate": 5e-06,
  "epochs": 3,
  "best_epoch": 3.0,
  "best_eval_loss": 0.5250173211097717,
  "acc_1": 76.66666666666667,
  "acc_05": 59.80392156862745,
  "mae": 0.7607843137254902,
  "qwk": 0.8122048467500864,
  "off_topic_acc": 90.98039215686275,
  "off_topic_correct": 78,
  "off_topic_total": 98,
  "on_topic_correct": 386,
  "on_topic_total": 412,
  "false_positive": 26,
  "false_negative": 20,
  "train_time_min": 7.0,
  "eval_time_min": 30.2,
  "total_time_min": 37.2
}